{"params": {"pht": 9677.5399216859, "prod": 429.7318805583}, "standard error": "{\"prod\":6.0207103764,\"pht\":105222.1369279137}", "values": "{\"prod\":{\"8\\/5\\/2012\":981.0,\"8\\/12\\/2012\":906.0,\"8\\/19\\/2012\":298.0,\"8\\/26\\/2012\":901.0,\"9\\/2\\/2012\":912.0,\"9\\/9\\/2012\":925.0,\"9\\/16\\/2012\":957.0,\"9\\/23\\/2012\":460.0,\"9\\/30\\/2012\":845.0,\"10\\/7\\/2012\":931.0,\"10\\/14\\/2012\":1010.0,\"10\\/21\\/2012\":730.0,\"10\\/28\\/2012\":990.0,\"11\\/4\\/2012\":965.0,\"11\\/11\\/2012\":976.0,\"11\\/18\\/2012\":817.0,\"11\\/25\\/2012\":506.0,\"12\\/2\\/2012\":983.0,\"12\\/9\\/2012\":1014.0,\"12\\/16\\/2012\":1000.0,\"12\\/23\\/2012\":0.0,\"12\\/30\\/2012\":455.0,\"1\\/6\\/2013\":889.0,\"1\\/13\\/2013\":963.0,\"1\\/20\\/2013\":1041.0,\"1\\/27\\/2013\":972.0,\"2\\/3\\/2013\":871.0,\"2\\/10\\/2013\":879.0,\"2\\/17\\/2013\":946.0,\"2\\/24\\/2013\":960.0,\"3\\/3\\/2013\":944.0,\"3\\/10\\/2013\":932.0,\"3\\/17\\/2013\":969.0,\"3\\/24\\/2013\":884.0,\"3\\/31\\/2013\":900.0,\"4\\/7\\/2013\":1006.0,\"4\\/14\\/2013\":979.0,\"4\\/21\\/2013\":970.0,\"4\\/28\\/2013\":992.0,\"5\\/5\\/2013\":1044.0,\"5\\/12\\/2013\":1000.0,\"5\\/19\\/2013\":1113.0,\"5\\/26\\/2013\":1007.0,\"6\\/2\\/2013\":1012.0,\"6\\/9\\/2013\":1029.0,\"6\\/16\\/2013\":992.0,\"6\\/23\\/2013\":1075.0,\"6\\/30\\/2013\":996.0,\"7\\/7\\/2013\":954.0,\"7\\/14\\/2013\":1121.0,\"7\\/21\\/2013\":988.0,\"7\\/28\\/2013\":970.0,\"8\\/4\\/2013\":1084.0,\"8\\/11\\/2013\":894.0,\"8\\/18\\/2013\":1008.0,\"8\\/25\\/2013\":985.0,\"9\\/1\\/2013\":977.0,\"9\\/8\\/2013\":1048.0,\"9\\/15\\/2013\":997.0,\"9\\/22\\/2013\":401.0,\"9\\/29\\/2013\":916.0,\"10\\/6\\/2013\":922.0,\"10\\/13\\/2013\":1012.0,\"10\\/20\\/2013\":1087.0,\"10\\/27\\/2013\":964.0,\"11\\/3\\/2013\":961.0,\"11\\/10\\/2013\":1014.0,\"11\\/17\\/2013\":994.0,\"11\\/24\\/2013\":906.0,\"12\\/1\\/2013\":594.0,\"12\\/8\\/2013\":942.0,\"12\\/15\\/2013\":964.0,\"12\\/22\\/2013\":398.0,\"12\\/29\\/2013\":991.0,\"1\\/5\\/2014\":957.0,\"1\\/12\\/2014\":982.0,\"1\\/19\\/2014\":956.0,\"1\\/26\\/2014\":1014.0,\"2\\/2\\/2014\":944.0,\"2\\/9\\/2014\":967.0,\"2\\/16\\/2014\":1016.0,\"2\\/23\\/2014\":921.0,\"3\\/2\\/2014\":867.0,\"3\\/9\\/2014\":997.0,\"3\\/16\\/2014\":843.0,\"3\\/23\\/2014\":1048.0,\"3\\/30\\/2014\":1010.0,\"4\\/6\\/2014\":948.0,\"4\\/13\\/2014\":1006.0,\"4\\/20\\/2014\":1007.0,\"4\\/27\\/2014\":995.0,\"5\\/4\\/2014\":967.0,\"5\\/11\\/2014\":951.0,\"5\\/18\\/2014\":580.0,\"5\\/25\\/2014\":669.0,\"6\\/1\\/2014\":1074.0,\"6\\/8\\/2014\":1054.0,\"6\\/15\\/2014\":552.0,\"6\\/22\\/2014\":902.0,\"6\\/29\\/2014\":603.0,\"7\\/6\\/2014\":785.0,\"7\\/13\\/2014\":1025.0,\"7\\/20\\/2014\":994.0,\"7\\/27\\/2014\":996.0,\"8\\/3\\/2014\":990.0,\"8\\/10\\/2014\":956.0,\"8\\/17\\/2014\":972.0,\"8\\/24\\/2014\":1007.0,\"8\\/31\\/2014\":1004.0,\"9\\/7\\/2014\":922.0,\"9\\/14\\/2014\":1038.0,\"9\\/21\\/2014\":403.0,\"9\\/28\\/2014\":665.0,\"10\\/5\\/2014\":987.0,\"10\\/12\\/2014\":1026.0,\"10\\/19\\/2014\":1019.0,\"10\\/26\\/2014\":948.0,\"11\\/2\\/2014\":1032.0,\"11\\/9\\/2014\":983.0,\"11\\/16\\/2014\":963.0,\"11\\/23\\/2014\":966.0,\"11\\/30\\/2014\":806.0,\"12\\/7\\/2014\":970.0,\"12\\/14\\/2014\":1023.0,\"12\\/21\\/2014\":448.0,\"12\\/28\\/2014\":798.0,\"1\\/4\\/2015\":954.0,\"1\\/11\\/2015\":1025.0,\"1\\/18\\/2015\":1054.0,\"1\\/25\\/2015\":969.0,\"2\\/1\\/2015\":871.0,\"2\\/8\\/2015\":976.0,\"2\\/15\\/2015\":1074.0,\"2\\/22\\/2015\":1073.0,\"3\\/1\\/2015\":719.0,\"3\\/8\\/2015\":1087.0,\"3\\/15\\/2015\":950.0,\"3\\/22\\/2015\":1018.0,\"3\\/29\\/2015\":981.0,\"4\\/5\\/2015\":930.0,\"4\\/12\\/2015\":1045.0,\"4\\/19\\/2015\":977.0,\"4\\/26\\/2015\":990.0,\"5\\/3\\/2015\":947.0,\"5\\/10\\/2015\":1075.0,\"5\\/17\\/2015\":1047.0,\"5\\/24\\/2015\":957.0,\"5\\/31\\/2015\":1045.0,\"6\\/7\\/2015\":988.0,\"6\\/14\\/2015\":1021.0,\"6\\/21\\/2015\":1032.0,\"6\\/28\\/2015\":940.0,\"7\\/5\\/2015\":1032.0,\"7\\/12\\/2015\":1012.0,\"7\\/19\\/2015\":1003.0,\"7\\/26\\/2015\":1149.0,\"8\\/2\\/2015\":999.0,\"8\\/9\\/2015\":986.0,\"8\\/16\\/2015\":1037.0,\"8\\/23\\/2015\":1045.0,\"8\\/30\\/2015\":971.0,\"9\\/6\\/2015\":1096.0,\"9\\/13\\/2015\":1049.0,\"9\\/20\\/2015\":379.0,\"9\\/27\\/2015\":1002.0,\"10\\/4\\/2015\":910.0,\"10\\/11\\/2015\":966.0,\"10\\/18\\/2015\":1013.0,\"10\\/25\\/2015\":866.0},\"pht\":{\"8\\/5\\/2012\":0.03,\"8\\/12\\/2012\":0.03,\"8\\/19\\/2012\":0.03,\"8\\/26\\/2012\":0.03,\"9\\/2\\/2012\":0.06,\"9\\/9\\/2012\":0.06,\"9\\/16\\/2012\":0.06,\"9\\/23\\/2012\":0.06,\"9\\/30\\/2012\":0.02,\"10\\/7\\/2012\":0.01,\"10\\/14\\/2012\":0.01,\"10\\/21\\/2012\":0.01,\"10\\/28\\/2012\":0.02,\"11\\/4\\/2012\":0.03,\"11\\/11\\/2012\":0.03,\"11\\/18\\/2012\":0.03,\"11\\/25\\/2012\":0.02,\"12\\/2\\/2012\":0.0,\"12\\/9\\/2012\":0.0,\"12\\/16\\/2012\":0.0,\"12\\/23\\/2012\":0.0,\"12\\/30\\/2012\":0.02,\"1\\/6\\/2013\":0.02,\"1\\/13\\/2013\":0.02,\"1\\/20\\/2013\":0.02,\"1\\/27\\/2013\":0.02,\"2\\/3\\/2013\":0.02,\"2\\/10\\/2013\":0.02,\"2\\/17\\/2013\":0.02,\"2\\/24\\/2013\":0.02,\"3\\/3\\/2013\":0.02,\"3\\/10\\/2013\":0.02,\"3\\/17\\/2013\":0.02,\"3\\/24\\/2013\":0.02,\"3\\/31\\/2013\":0.01,\"4\\/7\\/2013\":0.01,\"4\\/14\\/2013\":0.01,\"4\\/21\\/2013\":0.01,\"4\\/28\\/2013\":0.04,\"5\\/5\\/2013\":0.06,\"5\\/12\\/2013\":0.06,\"5\\/19\\/2013\":0.06,\"5\\/26\\/2013\":0.05,\"6\\/2\\/2013\":0.0,\"6\\/9\\/2013\":0.0,\"6\\/16\\/2013\":0.0,\"6\\/23\\/2013\":0.0,\"6\\/30\\/2013\":0.06,\"7\\/7\\/2013\":0.07,\"7\\/14\\/2013\":0.07,\"7\\/21\\/2013\":0.07,\"7\\/28\\/2013\":0.04,\"8\\/4\\/2013\":0.01,\"8\\/11\\/2013\":0.01,\"8\\/18\\/2013\":0.01,\"8\\/25\\/2013\":0.01,\"9\\/1\\/2013\":0.02,\"9\\/8\\/2013\":0.02,\"9\\/15\\/2013\":0.02,\"9\\/22\\/2013\":0.02,\"9\\/29\\/2013\":0.02,\"10\\/6\\/2013\":0.02,\"10\\/13\\/2013\":0.02,\"10\\/20\\/2013\":0.02,\"10\\/27\\/2013\":0.03,\"11\\/3\\/2013\":0.04,\"11\\/10\\/2013\":0.04,\"11\\/17\\/2013\":0.04,\"11\\/24\\/2013\":0.04,\"12\\/1\\/2013\":0.05,\"12\\/8\\/2013\":0.05,\"12\\/15\\/2013\":0.05,\"12\\/22\\/2013\":0.05,\"12\\/29\\/2013\":0.06,\"1\\/5\\/2014\":0.06,\"1\\/12\\/2014\":0.06,\"1\\/19\\/2014\":0.06,\"1\\/26\\/2014\":0.06,\"2\\/2\\/2014\":0.03,\"2\\/9\\/2014\":0.03,\"2\\/16\\/2014\":0.03,\"2\\/23\\/2014\":0.04,\"3\\/2\\/2014\":0.07,\"3\\/9\\/2014\":0.07,\"3\\/16\\/2014\":0.07,\"3\\/23\\/2014\":0.07,\"3\\/30\\/2014\":0.06,\"4\\/6\\/2014\":0.06,\"4\\/13\\/2014\":0.06,\"4\\/20\\/2014\":0.06,\"4\\/27\\/2014\":0.06,\"5\\/4\\/2014\":0.06,\"5\\/11\\/2014\":0.06,\"5\\/18\\/2014\":0.06,\"5\\/25\\/2014\":0.06,\"6\\/1\\/2014\":0.07,\"6\\/8\\/2014\":0.07,\"6\\/15\\/2014\":0.07,\"6\\/22\\/2014\":0.07,\"6\\/29\\/2014\":0.07,\"7\\/6\\/2014\":0.07,\"7\\/13\\/2014\":0.07,\"7\\/20\\/2014\":0.07,\"7\\/27\\/2014\":0.07,\"8\\/3\\/2014\":0.07,\"8\\/10\\/2014\":0.07,\"8\\/17\\/2014\":0.07,\"8\\/24\\/2014\":0.07,\"8\\/31\\/2014\":0.07,\"9\\/7\\/2014\":0.07,\"9\\/14\\/2014\":0.07,\"9\\/21\\/2014\":0.07,\"9\\/28\\/2014\":0.07,\"10\\/5\\/2014\":0.06,\"10\\/12\\/2014\":0.06,\"10\\/19\\/2014\":0.06,\"10\\/26\\/2014\":0.06,\"11\\/2\\/2014\":0.03,\"11\\/9\\/2014\":0.03,\"11\\/16\\/2014\":0.03,\"11\\/23\\/2014\":0.03,\"11\\/30\\/2014\":0.06,\"12\\/7\\/2014\":0.07,\"12\\/14\\/2014\":0.07,\"12\\/21\\/2014\":0.07,\"12\\/28\\/2014\":0.07,\"1\\/4\\/2015\":0.07,\"1\\/11\\/2015\":0.07,\"1\\/18\\/2015\":0.07,\"1\\/25\\/2015\":0.07,\"2\\/1\\/2015\":0.07,\"2\\/8\\/2015\":0.07,\"2\\/15\\/2015\":0.07,\"2\\/22\\/2015\":0.07,\"3\\/1\\/2015\":0.06,\"3\\/8\\/2015\":0.06,\"3\\/15\\/2015\":0.06,\"3\\/22\\/2015\":0.06,\"3\\/29\\/2015\":0.07,\"4\\/5\\/2015\":0.07,\"4\\/12\\/2015\":0.07,\"4\\/19\\/2015\":0.07,\"4\\/26\\/2015\":0.07,\"5\\/3\\/2015\":0.07,\"5\\/10\\/2015\":0.07,\"5\\/17\\/2015\":0.07,\"5\\/24\\/2015\":0.07,\"5\\/31\\/2015\":0.07,\"6\\/7\\/2015\":0.07,\"6\\/14\\/2015\":0.07,\"6\\/21\\/2015\":0.07,\"6\\/28\\/2015\":0.07,\"7\\/5\\/2015\":0.07,\"7\\/12\\/2015\":0.07,\"7\\/19\\/2015\":0.07,\"7\\/26\\/2015\":0.07,\"8\\/2\\/2015\":0.07,\"8\\/9\\/2015\":0.07,\"8\\/16\\/2015\":0.07,\"8\\/23\\/2015\":0.07,\"8\\/30\\/2015\":0.07,\"9\\/6\\/2015\":0.07,\"9\\/13\\/2015\":0.07,